{
  "Enable/Disbale Listing" : {
    "transaction" : "Enable/Disbale Listing",
    "sampleCount" : 500,
    "errorCount" : 0,
    "errorPct" : 0.0,
    "meanResTime" : 236.09999999999982,
    "medianResTime" : 224.5,
    "minResTime" : 170.0,
    "maxResTime" : 745.0,
    "pct1ResTime" : 243.0,
    "pct2ResTime" : 280.24999999999983,
    "pct3ResTime" : 494.96000000000004,
    "throughput" : 1.6707432802705267,
    "receivedKBytesPerSec" : 0.3100011945814454,
    "sentKBytesPerSec" : 0.9479510213253673
  },
  "Add Education" : {
    "transaction" : "Add Education",
    "sampleCount" : 500,
    "errorCount" : 0,
    "errorPct" : 0.0,
    "meanResTime" : 147.88199999999992,
    "medianResTime" : 129.0,
    "minResTime" : 83.0,
    "maxResTime" : 470.0,
    "pct1ResTime" : 217.0,
    "pct2ResTime" : 258.84999999999997,
    "pct3ResTime" : 444.17000000000075,
    "throughput" : 1.6717599620176136,
    "receivedKBytesPerSec" : 0.3382048766909852,
    "sentKBytesPerSec" : 1.1281114587443075
  },
  "Add Certification" : {
    "transaction" : "Add Certification",
    "sampleCount" : 500,
    "errorCount" : 0,
    "errorPct" : 0.0,
    "meanResTime" : 48.69799999999996,
    "medianResTime" : 47.0,
    "minResTime" : 39.0,
    "maxResTime" : 326.0,
    "pct1ResTime" : 54.0,
    "pct2ResTime" : 56.0,
    "pct3ResTime" : 68.99000000000001,
    "throughput" : 1.6726379842705124,
    "receivedKBytesPerSec" : 0.33848704458249285,
    "sentKBytesPerSec" : 1.0748005797363254
  },
  "Delete Education" : {
    "transaction" : "Delete Education",
    "sampleCount" : 500,
    "errorCount" : 0,
    "errorPct" : 0.0,
    "meanResTime" : 47.02600000000001,
    "medianResTime" : 46.0,
    "minResTime" : 3.0,
    "maxResTime" : 325.0,
    "pct1ResTime" : 51.0,
    "pct2ResTime" : 53.94999999999999,
    "pct3ResTime" : 68.98000000000002,
    "throughput" : 1.6734553170695787,
    "receivedKBytesPerSec" : 0.3562956330346773,
    "sentKBytesPerSec" : 1.2041524231214626
  },
  "Add Description" : {
    "transaction" : "Add Description",
    "sampleCount" : 500,
    "errorCount" : 0,
    "errorPct" : 0.0,
    "meanResTime" : 141.472,
    "medianResTime" : 136.0,
    "minResTime" : 114.0,
    "maxResTime" : 440.0,
    "pct1ResTime" : 150.0,
    "pct2ResTime" : 155.95,
    "pct3ResTime" : 401.98,
    "throughput" : 1.6729178028566745,
    "receivedKBytesPerSec" : 0.35941593420748863,
    "sentKBytesPerSec" : 0.990027527862446
  },
  "Update Description" : {
    "transaction" : "Update Description",
    "sampleCount" : 500,
    "errorCount" : 0,
    "errorPct" : 0.0,
    "meanResTime" : 142.77200000000002,
    "medianResTime" : 136.0,
    "minResTime" : 114.0,
    "maxResTime" : 429.0,
    "pct1ResTime" : 150.90000000000003,
    "pct2ResTime" : 156.0,
    "pct3ResTime" : 403.98,
    "throughput" : 1.6713185031671485,
    "receivedKBytesPerSec" : 0.35907233466481703,
    "sentKBytesPerSec" : 1.0821134449216987
  },
  "Delete Listing" : {
    "transaction" : "Delete Listing",
    "sampleCount" : 500,
    "errorCount" : 0,
    "errorPct" : 0.0,
    "meanResTime" : 281.80999999999995,
    "medianResTime" : 271.0,
    "minResTime" : 185.0,
    "maxResTime" : 1055.0,
    "pct1ResTime" : 291.0,
    "pct2ResTime" : 332.4499999999999,
    "pct3ResTime" : 547.98,
    "throughput" : 1.6704418652822046,
    "receivedKBytesPerSec" : 0.32299559504480124,
    "sentKBytesPerSec" : 0.9575677489459512
  },
  "Update Education" : {
    "transaction" : "Update Education",
    "sampleCount" : 500,
    "errorCount" : 5,
    "errorPct" : 1.0,
    "meanResTime" : 242.444,
    "medianResTime" : 239.5,
    "minResTime" : 5.0,
    "maxResTime" : 893.0,
    "pct1ResTime" : 337.7000000000001,
    "pct2ResTime" : 387.4499999999999,
    "pct3ResTime" : 576.9100000000001,
    "throughput" : 1.6723135119587138,
    "receivedKBytesPerSec" : 0.3575680652503286,
    "sentKBytesPerSec" : 1.2033308252114638
  },
  "Add Language" : {
    "transaction" : "Add Language",
    "sampleCount" : 500,
    "errorCount" : 0,
    "errorPct" : 0.0,
    "meanResTime" : 50.96000000000002,
    "medianResTime" : 47.0,
    "minResTime" : 38.0,
    "maxResTime" : 388.0,
    "pct1ResTime" : 53.0,
    "pct2ResTime" : 56.0,
    "pct3ResTime" : 309.40000000000146,
    "throughput" : 1.6725428672736882,
    "receivedKBytesPerSec" : 0.338330595241281,
    "sentKBytesPerSec" : 0.9898056421561083
  },
  "Add Skill" : {
    "transaction" : "Add Skill",
    "sampleCount" : 500,
    "errorCount" : 0,
    "errorPct" : 0.0,
    "meanResTime" : 51.45999999999997,
    "medianResTime" : 49.0,
    "minResTime" : 42.0,
    "maxResTime" : 341.0,
    "pct1ResTime" : 55.0,
    "pct2ResTime" : 58.0,
    "pct3ResTime" : 70.99000000000001,
    "throughput" : 1.6715699384862264,
    "receivedKBytesPerSec" : 0.359492009895694,
    "sentKBytesPerSec" : 1.026774893855309
  },
  "Update Certification" : {
    "transaction" : "Update Certification",
    "sampleCount" : 500,
    "errorCount" : 7,
    "errorPct" : 1.4,
    "meanResTime" : 185.34999999999988,
    "medianResTime" : 179.0,
    "minResTime" : 4.0,
    "maxResTime" : 483.0,
    "pct1ResTime" : 199.0,
    "pct2ResTime" : 212.0,
    "pct3ResTime" : 464.99,
    "throughput" : 1.6718382195591697,
    "receivedKBytesPerSec" : 0.2845651506994971,
    "sentKBytesPerSec" : 1.1538981677071074
  },
  "Delete Language" : {
    "transaction" : "Delete Language",
    "sampleCount" : 500,
    "errorCount" : 2,
    "errorPct" : 0.4,
    "meanResTime" : 47.135999999999996,
    "medianResTime" : 46.0,
    "minResTime" : 5.0,
    "maxResTime" : 332.0,
    "pct1ResTime" : 51.0,
    "pct2ResTime" : 53.0,
    "pct3ResTime" : 74.93000000000006,
    "throughput" : 1.6726995363276886,
    "receivedKBytesPerSec" : 0.31959995613345465,
    "sentKBytesPerSec" : 1.0436926368602761
  },
  "Add Listing" : {
    "transaction" : "Add Listing",
    "sampleCount" : 500,
    "errorCount" : 0,
    "errorPct" : 0.0,
    "meanResTime" : 196.72200000000007,
    "medianResTime" : 183.0,
    "minResTime" : 146.0,
    "maxResTime" : 687.0,
    "pct1ResTime" : 209.80000000000007,
    "pct2ResTime" : 249.79999999999995,
    "pct3ResTime" : 467.99,
    "throughput" : 1.6710280498768453,
    "receivedKBytesPerSec" : 0.3655373859105599,
    "sentKBytesPerSec" : 3.705961622334293
  },
  "Total" : {
    "transaction" : "Total",
    "sampleCount" : 9000,
    "errorCount" : 21,
    "errorPct" : 0.23333333,
    "meanResTime" : 133.10188888888908,
    "medianResTime" : 134.0,
    "minResTime" : 1.0,
    "maxResTime" : 1055.0,
    "pct1ResTime" : 247.0,
    "pct2ResTime" : 275.0,
    "pct3ResTime" : 455.0,
    "throughput" : 29.62182799591877,
    "receivedKBytesPerSec" : 6.533805139798572,
    "sentKBytesPerSec" : 21.117792021854328
  },
  "SignIn" : {
    "transaction" : "SignIn",
    "sampleCount" : 500,
    "errorCount" : 0,
    "errorPct" : 0.0,
    "meanResTime" : 191.5520000000001,
    "medianResTime" : 179.0,
    "minResTime" : 148.0,
    "maxResTime" : 493.0,
    "pct1ResTime" : 198.90000000000003,
    "pct2ResTime" : 225.89999999999998,
    "pct3ResTime" : 478.0,
    "throughput" : 1.6697612909258492,
    "receivedKBytesPerSec" : 0.8022681202495291,
    "sentKBytesPerSec" : 0.6095020062181911
  },
  "Update Language" : {
    "transaction" : "Update Language",
    "sampleCount" : 500,
    "errorCount" : 0,
    "errorPct" : 0.0,
    "meanResTime" : 185.75600000000014,
    "medianResTime" : 179.0,
    "minResTime" : 49.0,
    "maxResTime" : 686.0,
    "pct1ResTime" : 197.90000000000003,
    "pct2ResTime" : 205.0,
    "pct3ResTime" : 457.97,
    "throughput" : 1.6718382195591697,
    "receivedKBytesPerSec" : 0.3513178630480286,
    "sentKBytesPerSec" : 1.0431552122064252
  },
  "Delete Certification" : {
    "transaction" : "Delete Certification",
    "sampleCount" : 500,
    "errorCount" : 7,
    "errorPct" : 1.4,
    "meanResTime" : 46.98400000000001,
    "medianResTime" : 45.0,
    "minResTime" : 4.0,
    "maxResTime" : 319.0,