{
  "Enable/Disbale Listing" : {
    "transaction" : "Enable/Disbale Listing",
    "sampleCount" : 100,
    "errorCount" : 0,
    "errorPct" : 0.0,
    "meanResTime" : 222.35999999999993,
    "medianResTime" : 217.0,
    "minResTime" : 203.0,
    "maxResTime" : 614.0,
    "pct1ResTime" : 229.0,
    "pct2ResTime" : 235.0,
    "pct3ResTime" : 610.2699999999982,
    "throughput" : 0.3371407765026364,
    "receivedKBytesPerSec" : 0.06255541751513762,
    "sentKBytesPerSec" : 0.19128788198049976
  },
  "Add Education" : {
    "transaction" : "Add Education",
    "sampleCount" : 100,
    "errorCount" : 0,
    "errorPct" : 0.0,
    "meanResTime" : 124.67999999999998,
    "medianResTime" : 118.0,
    "minResTime" : 111.0,
    "maxResTime" : 297.0,
    "pct1ResTime" : 138.70000000000002,
    "pct2ResTime" : 157.95,
    "pct3ResTime" : 295.76999999999936,
    "throughput" : 0.33711009004210507,
    "receivedKBytesPerSec" : 0.06835697177377216,
    "sentKBytesPerSec" : 0.22748346896395955
  },
  "Add Certification" : {
    "transaction" : "Add Certification",
    "sampleCount" : 100,
    "errorCount" : 0,
    "errorPct" : 0.0,
    "meanResTime" : 47.14999999999999,
    "medianResTime" : 46.0,
    "minResTime" : 39.0,
    "maxResTime" : 183.0,
    "pct1ResTime" : 51.0,
    "pct2ResTime" : 53.0,
    "pct3ResTime" : 181.71999999999935,
    "throughput" : 0.3371817004747519,
    "receivedKBytesPerSec" : 0.06842417710805998,
    "sentKBytesPerSec" : 0.21666558487537763
  },
  "Delete Education" : {
    "transaction" : "Delete Education",
    "sampleCount" : 100,
    "errorCount" : 0,
    "errorPct" : 0.0,
    "meanResTime" : 40.91000000000001,
    "medianResTime" : 39.0,
    "minResTime" : 2.0,
    "maxResTime" : 263.0,
    "pct1ResTime" : 45.0,
    "pct2ResTime" : 46.94999999999999,
    "pct3ResTime" : 260.8399999999989,
    "throughput" : 0.3373056697710032,
    "receivedKBytesPerSec" : 0.07183556685904334,
    "sentKBytesPerSec" : 0.242543858169712
  },
  "Add Description" : {
    "transaction" : "Add Description",
    "sampleCount" : 100,
    "errorCount" : 0,
    "errorPct" : 0.0,
    "meanResTime" : 123.5,
    "medianResTime" : 119.0,
    "minResTime" : 108.0,
    "maxResTime" : 272.0,
    "pct1ResTime" : 132.0,
    "pct2ResTime" : 137.89999999999998,
    "pct3ResTime" : 271.92999999999995,
    "throughput" : 0.33722149719600325,
    "receivedKBytesPerSec" : 0.07244993103820382,
    "sentKBytesPerSec" : 0.19956662822341598
  },
  "Update Description" : {
    "transaction" : "Update Description",
    "sampleCount" : 100,
    "errorCount" : 0,
    "errorPct" : 0.0,
    "meanResTime" : 123.35000000000002,
    "medianResTime" : 120.0,
    "minResTime" : 110.0,
    "maxResTime" : 249.0,
    "pct1ResTime" : 132.9,
    "pct2ResTime" : 135.95,
    "pct3ResTime" : 248.8099999999999,
    "throughput" : 0.3372249087806622,
    "receivedKBytesPerSec" : 0.07245066399584539,
    "sentKBytesPerSec" : 0.2183399555874795
  },
  "Delete Listing" : {
    "transaction" : "Delete Listing",
    "sampleCount" : 100,
    "errorCount" : 0,
    "errorPct" : 0.0,
    "meanResTime" : 267.02,
    "medianResTime" : 263.0,
    "minResTime" : 247.0,
    "maxResTime" : 651.0,
    "pct1ResTime" : 272.9,
    "pct2ResTime" : 276.0,
    "pct3ResTime" : 647.3299999999981,
    "throughput" : 0.33711577229852274,
    "receivedKBytesPerSec" : 0.06518449503428467,
    "sentKBytesPerSec" : 0.19324898275315708
  },
  "Update Education" : {
    "transaction" : "Update Education",
    "sampleCount" : 100,
    "errorCount" : 4,
    "errorPct" : 4.0,
    "meanResTime" : 179.14999999999998,
    "medianResTime" : 167.0,
    "minResTime" : 5.0,
    "maxResTime" : 314.0,
    "pct1ResTime" : 235.60000000000002,
    "pct2ResTime" : 248.74999999999994,
    "pct3ResTime" : 313.8099999999999,
    "throughput" : 0.3371373666200293,
    "receivedKBytesPerSec" : 0.07122026869848119,
    "sentKBytesPerSec" : 0.24242283768521483
  },
  "Add Language" : {
    "transaction" : "Add Language",
    "sampleCount" : 100,
    "errorCount" : 0,
    "errorPct" : 0.0,
    "meanResTime" : 43.95,
    "medianResTime" : 41.0,
    "minResTime" : 38.0,
    "maxResTime" : 157.0,
    "pct1ResTime" : 47.0,
    "pct2ResTime" : 50.89999999999998,
    "pct3ResTime" : 156.67999999999984,
    "throughput" : 0.3371839743200685,
    "receivedKBytesPerSec" : 0.06839171041628733,
    "sentKBytesPerSec" : 0.19954442230269678
  },
  "Add Skill" : {
    "transaction" : "Add Skill",
    "sampleCount" : 100,
    "errorCount" : 0,
    "errorPct" : 0.0,
    "meanResTime" : 44.339999999999996,
    "medianResTime" : 42.0,
    "minResTime" : 39.0,
    "maxResTime" : 133.0,
    "pct1ResTime" : 48.0,
    "pct2ResTime" : 50.89999999999998,
    "pct3ResTime" : 132.27999999999963,
    "throughput" : 0.33697604437300555,
    "receivedKBytesPerSec" : 0.07384514097392816,
    "sentKBytesPerSec" : 0.2069901678814653
  },
  "Update Certification" : {
    "transaction" : "Update Certification",
    "sampleCount" : 100,
    "errorCount" : 5,
    "errorPct" : 5.0,
    "meanResTime" : 158.15999999999994,
    "medianResTime" : 159.5,
    "minResTime" : 9.0,
    "maxResTime" : 508.0,
    "pct1ResTime" : 181.9,
    "pct2ResTime" : 194.4999999999999,
    "pct3ResTime" : 506.11999999999904,
    "throughput" : 0.33706463888579913,
    "receivedKBytesPerSec" : 0.05686649122452213,
    "sentKBytesPerSec" : 0.23243964330977254
  },
  "Delete Language" : {
    "transaction" : "Delete Language",
    "sampleCount" : 100,
    "errorCount" : 2,
    "errorPct" : 2.0,
    "meanResTime" : 40.81,
    "medianResTime" : 41.0,
    "minResTime" : 4.0,
    "maxResTime" : 51.0,
    "pct1ResTime" : 46.0,
    "pct2ResTime" : 47.0,
    "pct3ResTime" : 50.989999999999995,
    "throughput" : 0.3371828373935767,
    "receivedKBytesPerSec" : 0.06396924787153334,
    "sentKBytesPerSec" : 0.21029803801736494
  },
  "Add Listing" : {
    "transaction" : "Add Listing",
    "sampleCount" : 100,
    "errorCount" : 0,
    "errorPct" : 0.0,
    "meanResTime" : 175.4100000000001,
    "medianResTime" : 170.0,
    "minResTime" : 161.0,
    "maxResTime" : 450.0,
    "pct1ResTime" : 187.0,
    "pct2ResTime" : 191.0,
    "pct3ResTime" : 447.5899999999988,
    "throughput" : 0.3371794266601029,
    "receivedKBytesPerSec" : 0.07375799958189752,
    "sentKBytesPerSec" : 0.7477875761182556
  },
  "Total" : {
    "transaction" : "Total",
    "sampleCount" : 1800,
    "errorCount" : 16,
    "errorPct" : 0.8888889,
    "meanResTime" : 114.16277777777789,
    "medianResTime" : 117.0,
    "minResTime" : 1.0,
    "maxResTime" : 651.0,
    "pct1ResTime" : 222.0,
    "pct2ResTime" : 258.0,
    "pct3ResTime" : 275.99,
    "throughput" : 5.983923193021416,
    "receivedKBytesPerSec" : 1.326098673231252,
    "sentKBytesPerSec" : 4.263149203722666
  },
  "SignIn" : {
    "transaction" : "SignIn",
    "sampleCount" : 100,
    "errorCount" : 0,
    "errorPct" : 0.0,
    "meanResTime" : 166.36,
    "medianResTime" : 160.0,
    "minResTime" : 146.0,
    "maxResTime" : 413.0,
    "pct1ResTime" : 175.9,
    "pct2ResTime" : 189.95,
    "pct3ResTime" : 412.2399999999996,
    "throughput" : 0.33665386259809255,
    "receivedKBytesPerSec" : 0.16175166054517726,
    "sentKBytesPerSec" : 0.12260249847664127
  },
  "Update Language" : {
    "transaction" : "Update Language",
    "sampleCount" : 100,
    "errorCount" : 0,
    "errorPct" : 0.0,
    "meanResTime" : 157.64,
    "medianResTime" : 155.5,
    "minResTime" : 45.0,
    "maxResTime" : 374.0,
    "pct1ResTime" : 174.9,
    "pct2ResTime" : 181.0,
    "pct3ResTime" : 373.91999999999996,
    "throughput" : 0.33703964597355585,
    "receivedKBytesPerSec" : 0.07106467769741254,
    "sentKBytesPerSec" : 0.2102087307592492
  },
  "Delete Certification" : {
    "transaction" : "Delete Certification",
    "sampleCount" : 100,
    "errorCount" : 5,
    "errorPct" : 5.0,
    "meanResTime" : 40.489999999999995,
    "medianResTime" : 41.0,
    "minResTime" : 5.0,
    "maxResTime" : 58.0,