{
  "Enable/Disbale Listing" : {
    "transaction" : "Enable/Disbale Listing",
    "sampleCount" : 100,
    "errorCount" : 0,
    "errorPct" : 0.0,
    "meanResTime" : 208.68000000000004,
    "medianResTime" : 205.0,
    "minResTime" : 192.0,
    "maxResTime" : 240.0,
    "pct1ResTime" : 224.9,
    "pct2ResTime" : 231.95,
    "pct3ResTime" : 239.99,
    "throughput" : 0.33909914920023465,
    "receivedKBytesPerSec" : 0.06291878744926228,
    "sentKBytesPerSec" : 0.19239902898958627
  },
  "Add Education" : {
    "transaction" : "Add Education",
    "sampleCount" : 100,
    "errorCount" : 0,
    "errorPct" : 0.0,
    "meanResTime" : 123.04000000000002,
    "medianResTime" : 118.0,
    "minResTime" : 111.0,
    "maxResTime" : 205.0,
    "pct1ResTime" : 136.8,
    "pct2ResTime" : 158.69999999999993,
    "pct3ResTime" : 204.98,
    "throughput" : 0.33825608691828407,
    "receivedKBytesPerSec" : 0.06858934949971925,
    "sentKBytesPerSec" : 0.22825679302786553
  },
  "Add Certification" : {
    "transaction" : "Add Certification",
    "sampleCount" : 100,
    "errorCount" : 0,
    "errorPct" : 0.0,
    "meanResTime" : 47.64,
    "medianResTime" : 46.0,
    "minResTime" : 38.0,
    "maxResTime" : 64.0,
    "pct1ResTime" : 53.0,
    "pct2ResTime" : 54.0,
    "pct3ResTime" : 63.969999999999985,
    "throughput" : 0.33831559431900454,
    "receivedKBytesPerSec" : 0.06865427783153237,
    "sentKBytesPerSec" : 0.21739420025576658
  },
  "Delete Education" : {
    "transaction" : "Delete Education",
    "sampleCount" : 100,
    "errorCount" : 0,
    "errorPct" : 0.0,
    "meanResTime" : 39.319999999999986,
    "medianResTime" : 40.0,
    "minResTime" : 2.0,
    "maxResTime" : 72.0,
    "pct1ResTime" : 44.900000000000006,
    "pct2ResTime" : 46.0,
    "pct3ResTime" : 71.8099999999999,
    "throughput" : 0.3387981474517297,
    "receivedKBytesPerSec" : 0.07215341796511057,
    "sentKBytesPerSec" : 0.24361704290200942
  },
  "Add Description" : {
    "transaction" : "Add Description",
    "sampleCount" : 100,
    "errorCount" : 0,
    "errorPct" : 0.0,
    "meanResTime" : 123.38,
    "medianResTime" : 119.0,
    "minResTime" : 106.0,
    "maxResTime" : 425.0,
    "pct1ResTime" : 134.9,
    "pct2ResTime" : 138.84999999999997,
    "pct3ResTime" : 422.2699999999986,
    "throughput" : 0.33870978668057633,
    "receivedKBytesPerSec" : 0.07276968073215508,
    "sentKBytesPerSec" : 0.20044739328948172
  },
  "Update Description" : {
    "transaction" : "Update Description",
    "sampleCount" : 100,
    "errorCount" : 0,
    "errorPct" : 0.0,
    "meanResTime" : 122.24000000000001,
    "medianResTime" : 121.0,
    "minResTime" : 107.0,
    "maxResTime" : 146.0,
    "pct1ResTime" : 135.9,
    "pct2ResTime" : 139.95,
    "pct3ResTime" : 145.98,
    "throughput" : 0.33870978668057633,
    "receivedKBytesPerSec" : 0.07276968073215508,
    "sentKBytesPerSec" : 0.21930135602463097
  },
  "Delete Listing" : {
    "transaction" : "Delete Listing",
    "sampleCount" : 100,
    "errorCount" : 0,
    "errorPct" : 0.0,
    "meanResTime" : 249.60999999999999,
    "medianResTime" : 247.0,
    "minResTime" : 227.0,
    "maxResTime" : 283.0,
    "pct1ResTime" : 265.9,
    "pct2ResTime" : 271.0,
    "pct3ResTime" : 282.96,
    "throughput" : 0.3390290208841877,
    "receivedKBytesPerSec" : 0.06555443958502848,
    "sentKBytesPerSec" : 0.19434573755763496
  },
  "Update Education" : {
    "transaction" : "Update Education",
    "sampleCount" : 100,
    "errorCount" : 4,
    "errorPct" : 4.0,
    "meanResTime" : 183.72,
    "medianResTime" : 169.0,
    "minResTime" : 5.0,
    "maxResTime" : 491.0,
    "pct1ResTime" : 245.40000000000003,
    "pct2ResTime" : 250.84999999999997,
    "pct3ResTime" : 489.34999999999917,
    "throughput" : 0.3382858380016779,
    "receivedKBytesPerSec" : 0.07145627613258099,
    "sentKBytesPerSec" : 0.24324866038808152
  },
  "Add Language" : {
    "transaction" : "Add Language",
    "sampleCount" : 100,
    "errorCount" : 0,
    "errorPct" : 0.0,
    "meanResTime" : 41.759999999999984,
    "medianResTime" : 40.5,
    "minResTime" : 37.0,
    "maxResTime" : 64.0,
    "pct1ResTime" : 45.900000000000006,
    "pct2ResTime" : 47.94999999999999,
    "pct3ResTime" : 63.969999999999985,
    "throughput" : 0.3382972821196355,
    "receivedKBytesPerSec" : 0.06861752489867996,
    "sentKBytesPerSec" : 0.20020327437939361
  },
  "Add Skill" : {
    "transaction" : "Add Skill",
    "sampleCount" : 100,
    "errorCount" : 0,
    "errorPct" : 0.0,
    "meanResTime" : 47.120000000000005,
    "medianResTime" : 43.0,
    "minResTime" : 39.0,
    "maxResTime" : 339.0,
    "pct1ResTime" : 49.0,
    "pct2ResTime" : 50.0,
    "pct3ResTime" : 336.21999999999855,
    "throughput" : 0.33741265229963596,
    "receivedKBytesPerSec" : 0.0739408195078499,
    "sentKBytesPerSec" : 0.20725835771139747
  },
  "Update Certification" : {
    "transaction" : "Update Certification",
    "sampleCount" : 100,
    "errorCount" : 5,
    "errorPct" : 5.0,
    "meanResTime" : 156.76000000000005,
    "medianResTime" : 163.0,
    "minResTime" : 6.0,
    "maxResTime" : 202.0,
    "pct1ResTime" : 183.0,
    "pct2ResTime" : 185.89999999999998,
    "pct3ResTime" : 201.92999999999995,
    "throughput" : 0.3381600037873921,
    "receivedKBytesPerSec" : 0.05705129126397446,
    "sentKBytesPerSec" : 0.23319500651803407
  },
  "Delete Language" : {
    "transaction" : "Delete Language",
    "sampleCount" : 100,
    "errorCount" : 2,
    "errorPct" : 2.0,
    "meanResTime" : 41.17,
    "medianResTime" : 41.0,
    "minResTime" : 5.0,
    "maxResTime" : 66.0,
    "pct1ResTime" : 48.80000000000001,
    "pct2ResTime" : 50.0,
    "pct3ResTime" : 65.95999999999998,
    "throughput" : 0.33832475116214555,
    "receivedKBytesPerSec" : 0.06418588809401368,
    "sentKBytesPerSec" : 0.21101023982149986
  },
  "Add Listing" : {
    "transaction" : "Add Listing",
    "sampleCount" : 100,
    "errorCount" : 0,
    "errorPct" : 0.0,
    "meanResTime" : 164.47000000000003,
    "medianResTime" : 156.0,
    "minResTime" : 144.0,
    "maxResTime" : 603.0,
    "pct1ResTime" : 177.9,
    "pct2ResTime" : 185.84999999999997,
    "pct3ResTime" : 598.8699999999978,
    "throughput" : 0.3386581686043558,
    "receivedKBytesPerSec" : 0.07408147438220283,
    "sentKBytesPerSec" : 0.7510670907231367
  },
  "Total" : {
    "transaction" : "Total",
    "sampleCount" : 1800,
    "errorCount" : 16,
    "errorPct" : 0.8888889,
    "meanResTime" : 111.54722222222208,
    "medianResTime" : 117.0,
    "minResTime" : 1.0,
    "maxResTime" : 644.0,
    "pct1ResTime" : 208.0,
    "pct2ResTime" : 242.0,
    "pct3ResTime" : 265.0,
    "throughput" : 5.98346568981049,
    "receivedKBytesPerSec" : 1.3259907933576882,
    "sentKBytesPerSec" : 4.262823262966669
  },
  "SignIn" : {
    "transaction" : "SignIn",
    "sampleCount" : 100,
    "errorCount" : 0,
    "errorPct" : 0.0,
    "meanResTime" : 160.59999999999997,
    "medianResTime" : 155.0,
    "minResTime" : 145.0,
    "maxResTime" : 644.0,
    "pct1ResTime" : 167.0,
    "pct2ResTime" : 172.0,
    "pct3ResTime" : 639.3699999999976,
    "throughput" : 0.3366810653935633,
    "receivedKBytesPerSec" : 0.16176473063831365,
    "sentKBytesPerSec" : 0.12261240518219496
  },
  "Update Language" : {
    "transaction" : "Update Language",
    "sampleCount" : 100,
    "errorCount" : 0,
    "errorPct" : 0.0,
    "meanResTime" : 153.76,
    "medianResTime" : 154.0,
    "minResTime" : 46.0,
    "maxResTime" : 193.0,
    "pct1ResTime" : 175.9,
    "pct2ResTime" : 180.95,
    "pct3ResTime" : 192.92999999999995,
    "throughput" : 0.33817487022539355,
    "receivedKBytesPerSec" : 0.07130403928746555,
    "sentKBytesPerSec" : 0.21091676036928697
  },
  "Delete Certification" : {
    "transaction" : "Delete Certification",
    "sampleCount" : 100,
    "errorCount" : 5,
    "errorPct" : 5.0,
    "meanResTime" : 40.8,
    "medianResTime" : 42.5,
    "minResTime" : 5.0,
    "maxResTime" : 55.0,
    "pct1ResTime" : 47.0,